Yield,Area,Temperature,Precipitation,Humidity
217000,598400,24.243,42.3484,84
227900,453200,23.1,8.7838,70
190900,498300,22.8118,39.5078,35
160800,518700,23.2746,9.2558,33
175000,528900,23.5674,4.0668,29
117300,494900,23.5598,28.5188,85
55100,478300,23.7654,3.5496,87
263300,555000,23.456,8.3676,20
274000,528400,22.8787,46.7888,36
2840,5034,22.7811,20.8014,43
327800,507200,23.111,14.398,54
350600,520500,22.3211,35.4694,33
318000,540000,22.3564,28.1252,52
123200,434600,23.1456,26.9422,80
67000,444800,23.6523,32.6042,79
354500,503900,23.1234,9.5166,40
279800,443600,22.751,24.0944,79
900,3400,23.1122,5.213,54
400,1100,22.991,27.6824,34
100,200,23.2296,9.5258,36
100,100,23.8574,9.259,50
100,100,24.0966,5.223,47
100,100,23.9084,28.5188,30
100,100,23.8456,3.4646,48
100,100,22.989,8.7726,24
2,2,24.0124,30.3168,51
200,200,23.456,12.8052,36
100,100,22.874,13.7788,35
100,100,23.001,35.25,51
100,100,24.11,51.1382,38
100,200,23.654,22.9778,44
200,600,23.842,29.0668,44
100,200,23.132,31.3068,34
100,100,23.594,12.877,36
100,100,23.202,27.4898,23
100,100,24.2112,23.9706,50
100,100,24.458,6.4794,47
1100,1100,24.2334,23.4982,30
500,600,23.416,3.8178,48
200,200,23.789,55.4514,38
112600,213400,23.897,23.9442,44
113700,171000,24.123,9.4574,39
146600,184600,23.416,38.3356,31
117300,202900,23.348,8.563,20
123900,212900,23.017,27.4898,29
82400,147500,23.6324,37.3426,29
61300,170000,23.46683,14.8936,26
107400,168500,24.2225,3.0964,33
161300,164000,23.864,23.4266,39
1197,1131,23.486,3.9672,21
100800,178200,24.0125,8.099,52
188100,171800,23.874,35.6744,24
62800,80800,24.124,14.6592,42
65200,86300,23.6541,11.4134,48
26000,96400,23.4568,38.6254,31
65400,86200,23.89456,23.7362,29
44900,107100,24.435,27.0536,33
111800,262100,24.613,7.1936,55
135000,239800,23.6854,16.5566,22
156700,250000,23.421,5.728,58
130600,265800,24.50667,35.733,31
134000,263700,24.3985,11.5014,27
145800,247900,24.11217,45.2892,20
68300,253100,23.8315,14.0634,60
184300,256700,24.079,7.227,51
178700,251100,23.96683,33.2642,44
1963,2426,24.1122,5.8858,30
160700,178200,23.965,9.278,60
172400,207000,24.212,43.905,43
140400,194400,24.312,29.9464,24
117700,170400,23.964,24.4334,42
48200,186500,23.456,24.6872,58
170200,262300,23.756,43.204,20
134800,250400,24.946,31.903,53
800,3900,24.5384,33.3622,32
900,2300,24.126,9.8316,39
600,1400,23.6512,23.4222,41
400,1500,23.453,10.9318,49
400,900,22.93,57.9916,60
300,800,23.1286,28.1178,34
200,400,22.9408,23.8736,41
100,200,23.527,10.6622,36
100,100,24.004,7.5498,4
4700,17100,24.0046,25.121,43
7600,21200,24.00124,7.4396,23
13300,21100,23.6874,8.3732,35
10300,16000,23.698,42.6778,35
17300,16600,23.2536,11.8746,58
17400,20900,23.3912,29.0894,84
16200,21700,23.0148,9.8568,70
8200,19700,23.8924,36.684,35
15400,17500,24.1324,22.2358,33
169,153,24.0082,4.3706,29
14600,13700,23.564,23.9846,85
17600,14300,23.645,4.319,87
20400,20400,24.121,30.8122,36
8900,10700,24.351,14.11,43
7700,9500,23.598,12.681,54
10700,13300,23.958,31.1298,33
8900,10800,23.456,50.2822,52
25100,85400,24.123,23.8542,80
23400,72200,24.234,27.3182,79
32200,62900,23.571,3.9404,40
9700,41000,23.914,10.2422,79
21800,43700,23.774,51.9268,54
7600,26200,23.8826,20.6762,34
6600,20400,23.5864,26.6764,36
7000,16300,24.1724,14.6656,23
63,123,24.5316,7.3514,50
1600,4300,24.4052,22.2012,47
2100,5100,24.324,7.2722,30
3000,6100,24.5124,8.3802,48
1900,5000,23.969,41.015,51
2500,4600,24.0124,25.6692,36
2300,5100,24.8575,19.1342,35
2600,5900,24.5462,38.6634,51
35500,42800,23.8741,34.6954,38
48400,46600,24.124,19.1486,44
10300,10000,24.54,8.1814,44
1700,4300,23.958,30.3526,32
3700,5800,22.8184,40.0492,39
5200,6200,22.8716,5.7688,48
11500,7900,22.4246,25.584,34
12500,8600,22.9606,11.323,36
11100,9200,22.9996,1.1432,23
142,85,23.0222,13.4654,50
10200,8300,22.546,2.6158,47
13100,10200,22.32145,7.5798,30
16100,9700,22.6878,7.9932,24
12900,10500,22.7865,10.8172,51
18100,16000,22.647,17.6784,36
26700,19200,22.789,17.622,35
14800,11000,22.985,13.9788,51
5900,18200,22.3124,21.2754,38
4200,15200,22.514,5.9784,44
5000,13100,22.617,1.308,44
3300,9900,22.459,5.9785,32
3900,8800,24.3958,49.9568,39
2400,7200,24.499,23.9216,31
3700,7700,23.9898,29.2804,20
1600,5500,24.6558,11.8062,29
4000,7100,24.8906,7.4244,29
46,68,24.7492,7.4244,26
1900,3800,24.3958,33.0362,33
2700,3600,24.499,10.0562,39
2600,3500,24.6558,29.3722,52
900,1400,24.8906,36.8972,24
1500,1300,24.7492,31.5016,42
1100,1100,23.546,20.5066,48
300,400,24.561,37.4084,31
7400,18300,24.325,42.4738,29
11800,19200,23.541,18.2914,33
11400,21200,24.8741,13.497,55
15100,21900,22.9308,9.6288,22
16400,23200,24.7466,26.5674,53
14000,22100,25.008,7.2458,32
11800,20900,24.7984,31.9074,39
160,230,24.8714,5.2844,41
28700,21300,24.65,9.0222,49
21900,23300,24.958,23.4206,34
17300,26500,24.317,22.0678,41
16200,21700,24.985,42.7612,36
28900,24900,24.627,43.0968,4
11200,10100,24.7466,28.6832,43
5000,7300,25.008,27.5822,23
57400,54000,24.7984,3.8366,35
75000,61300,25.11,12.324,40
96700,74300,24.654,15.8218,35
28000,27900,23.3424,32.6526,26
37200,28400,23.4468,6.3032,34
49900,31500,23.0008,28.6452,35
50900,34200,23.6762,14.473,45
62400,39300,23.795,1.976,55
50100,34100,23.7566,14.7282,65
570,305,23.5421,3.185,40
48400,34500,23.9854,7.367,58
82400,53500,23.481,9.5352,35
89400,54500,23.68,10.6468,27
40600,27700,23.3424,18.5116,43
28300,25700,23.4468,31.4254,84
40300,25700,23.0008,15.3686,65
45300,32500,23.6762,20.844,45
71000,148600,23.795,4.8484,65
94500,129900,23.7566,11.5688,45
123500,147800,23.74,4.4158,84
104900,149300,23.8436,31.9362,53
148400,166000,23.8246,10.9348,45
143900,154900,23.4992,42.34,43
79500,154500,24.3296,19.252,66
116300,156200,24.7112,4.7436,22
172100,165300,24.437,28.7518,37
1525,1440,24.6554,4.7386,74
19700,12700,24.9824,8.1722,65
149200,145100,23.685,18.3264,42
98900,130700,24.274,13.1274,38
60100,81800,23.8436,36.432,35
15000,93500,23.8246,47.337,45
88800,111400,23.4992,28.038,55
6500,23100,24.3296,29.5774,65
8800,10300,24.7112,6.1554,40
13800,12100,24.437,14.6522,58
16800,14300,23.647,9.8218,43
15100,11500,24.5968,39.3296,35
15200,11200,24.1324,19.6038,27
15600,9800,24.5774,44.6942,43
14400,10400,24.0086,6.954,84
18000,11800,24.654,4.2564,65
16800,11900,24.6848,30.838,45
205,127,24.5968,9.4964,65
19700,12700,24.1324,38.0976,45
16900,12800,24.0086,40.844,53
22400,14000,24.654,32.1944,45
19300,11800,24.6848,42.0102,43
22200,16500,24.151,36.5752,66
31200,20300,24.352,29.7192,22
27100,17100,24.9542,51.9384,37
6600,30200,24.692,20.712,74
15300,23500,24.325,34.3864,65
20200,25500,24.0124,24.5686,45
19400,26000,24.855,33.746,42
17100,28700,24.7532,15.013,38
20500,29100,24.3446,47.6166,35
12500,28900,24.885,14.4458,45
19300,31400,25.1046,12.9734,55
23600,31900,24.8558,34.3248,65
280,292,24.855,9.253,40
20800,27300,24.7532,10.7514,58
24200,29100,24.885,45.2166,35
23200,31400,25.1046,45.9508,27
27300,27100,24.8558,46.1456,43
28200,30100,24.5154,42.1932,84
29900,30100,24.682,41.6582,65
8100,22200,25.652,27.5016,45
3900,23500,25.248,8.886,65
11500,21500,25.6921,29.2976,45
8300,19300,24.689,16.2492,84
2300,9900,23.092,50.4328,53
4000,9800,23.5238,25.4156,45
2700,6000,23.3798,26.2664,43
3000,8100,24.057,14.402,66
2200,4800,24.5146,7.7184,22
2200,4100,24.472,21.3348,37
14,33,23.6421,6.268,74
800,2200,24.686,7.6494,65
1700,3300,24.652,36.0476,42
1500,3300,24.6426,15.6004,38
1500,2100,23.9426,19.1208,35
1600,2300,24.2392,50.0902,45
1500,1800,23.6954,32.8866,55
400,1100,23.8562,24.4528,65
20000,35200,24.82652,6.0844,40
20600,26600,24.3825,24.1666,58
27000,26500,24.3,10.9078,43
21500,30100,24.3758,25.3784,35
31100,30200,23.9694,15.277,27
32100,31900,24.7042,34.9258,43
31000,30900,24.9606,25.9488,84
27800,32600,24.664,9.887,65
27300,31700,24.5725,31.011,45
236,271,23.9824,7.7904,65
22100,27400,24.3828,37.8902,84
21900,29600,23.616,30.1252,53
27900,29200,24.3758,35.9682,45
26500,28200,23.9694,42.1888,43
19300,22600,24.7042,40.0424,66
21100,28800,24.9606,34.5776,22
13000,25600,24.664,5.1354,37
9300,24900,24.5865,18.8684,74
20000,25400,23.6825,18.5376,65
21900,23700,24.3048,19.8092,42
20100,24200,24.2244,8.2822,38
22900,28500,24.2972,0.858,35
25300,31400,23.6977,12.9408,45
358,283,23.8957,2.1644,55
29200,27100,24.9858,10.9874,40
33700,29700,23.6768,5.5676,58
41000,32700,24.3048,8.2148,43
30400,23400,24.2244,16.9656,35
28300,25900,24.2972,12.614,27
29000,21100,24.6825,14.9272,43
18000,14300,24.2347,16.8908,84
22600,35300,24.352,4.1666,65
29100,33000,23.9878,13.7928,45
23200,33000,23.8506,0.7916,85
8000,15200,23.7182,41.1766,87
10300,19100,23.3622,6.1534,20
5300,10100,23.6562,27.7342,36
4400,9600,24.2926,7.6874,43
5500,10500,23.8596,1.7728,54
8400,12000,23.8506,17.3228,33
50,85,23.7182,2.1096,52
5200,8900,23.6562,24.9688,79
7100,9500,24.2926,11.2084,40
9500,13500,23.8596,10.6306,79
5000,7000,23.9845,23.209,54
2400,3000,23.968471,15.0604,34
5500,8400,24.0124,18.1432,36
3700,5100,23.89855,24.5266,23
33700,210300,24.0001,6.9904,50
147900,186700,23.9987,19.3804,47
181600,213500,25.103,1.664,30
179400,226600,24.8866,40.4944,48
171300,253600,24.5222,16.6142,24
146000,251400,24.9576,52.2806,51
39600,282200,25.2064,8.0644,36
144500,255700,25.0026,12.6132,35
173700,237500,25.103,35.2414,51
2205,2521,24.8866,8.826,38
236000,286600,24.9576,42.3728,44
216000,264900,25.2064,45.7768,32
201300,269100,25.0026,44.4048,39
179500,248500,24.98858,46.2048,48
95300,245300,25.3571,42.0702,34
167400,199100,25.1012,41.7748,36
74500,215900,25.0142,31.7356,23
57500,171300,24.9828,11.0134,50
72400,148300,24.982,34.3636,47
109000,138900,23.9736,14.0676,30
110100,156100,23.9796,27.8334,48
138700,167700,23.6272,12.311,24
132700,173700,24.3544,41.0912,51
108400,179000,24.6396,21.3902,36
72300,175200,24.4478,7.329,35
160400,182400,23.9736,32.6348,51
1585,1606,23.9796,6.072,38
145300,171000,24.3544,39.8192,44
143400,172500,24.6396,24.3852,32
67200,161700,24.4478,43.6734,39
124300,160200,24.2141,44.3724,31
135300,183200,24.01241,31.7748,20
162200,255900,24.1245,29.9194,29
87900,176600,24.3525,5.562,29
235000,510800,24.582,16.827,26
207700,387500,23.9985,6.4505,33
343000,483000,23.9892,49.832,39
202800,487800,23.602,9.9636,85
235700,487800,23.6728,43.3456,87
160400,462600,23.3448,2.774,20
63800,262500,23.971,4.992,36
227800,428100,24.0096,31.8174,43
233300,455600,23.9892,4.0292,54
2155,4002,23.985,9.2122,33
274600,427900,23.8784,26.33,80
314800,426500,23.971,17.9882,79
330800,448500,24.0096,38.2936,40
101100,173600,24.101,23.3434,79
87000,177100,24.12334,30.4006,54
158800,251600,23.9828,36.4054,34
131700,268300,23.87258,12.3754,36
82500,140300,23.792,31.8602,23
79300,141600,24.014,4.6484,50
121000,151000,24.9829,44.1356,47
82100,155000,24.5648,18.56316,30
103100,159500,24.4466,47.7694,48
45400,120800,24.6152,5.0956,24
33700,152500,24.9394,7.4986,51
81300,153200,24.9788,35.3404,36
82000,139600,24.9829,13.115,35
902,1386,24.5648,29.9896,51
100800,172800,24.6152,43.4702,44
111700,186100,24.9394,36.8396,44
103000,180600,24.9788,45.661,32
41900,177200,24.9829,40.5362,39
43900,186400,24.5648,36.3596,48
124500,217600,24.4466,47.9198,34
130000,193200,24.6152,18.339,36
86900,144000,24.9394,38.3928,23
143900,141300,24.9788,19.757,50
133900,146100,25.1142,54.723,47
73200,143500,24.6718,15.8006,30
96700,150600,24.5196,49.0376,48
57700,133000,24.7168,2.8464,24
41000,66200,25.0586,5.9594,51
130100,151000,25.1164,37.2128,36
115800,144100,25.1142,8.0738,35
1001,975,24.6718,20.8438,51
131000,164800,24.7168,36.1714,44
120500,134400,25.0586,26.4202,44
105200,133800,25.1164,44.4474,32
86800,139900,24.6828,31.7816,39
70700,123600,24.682,35.6638,31
112200,138000,25.1241,45.8146,20
127100,145600,25.0124,17.3788,29
156700,726300,24.9824,38.8088,29
224800,481600,24.9682,11.5472,26
353800,699900,24.6776,44.4164,33
285200,636700,24.3618,15.8814,39
313800,712900,24.084,51.2438,37
225400,672100,24.4,4.7224,74
28600,613700,24.6742,11.1808,65
302600,686900,24.5532,35.7522,45
342200,711300,24.6776,10.2246,42
3515,6178,24.3618,16.4118,38
406000,687500,24.4,45.1206,45
400700,657600,24.6742,41.8006,55
380600,641200,24.5532,46.2974,65
193000,482600,24.6824,41.8904,40
132900,480700,24.935,40.4578,58
304500,565800,24.9824,36.9098,43
354100,622800,24.58474,13.7076,35
500,2000,25.001,37.0666,27
700,2000,24.6871,14.3076,43
900,2100,23.9512,41.8078,84
500,1800,24.0012,18.937,65
800,1700,23.654,26.7146,45
200,700,23.145,18.4934,65
200,500,23.9512,6.8876,45
200,600,24.0012,21.0326,84
200,500,23.145,7.377,45
3,6,24.0185,23.1862,43
100,300,23.9578,27.7986,66
700,1300,24.0154,16.6572,22
700,1200,24.1352,23.5486,37
300,600,24.252,47.8628,74
800,800,23.6156,41.8078,65
2200,3500,23.83,18.937,45
1100,2400,23.6184,26.7146,42
1000,1600,24.414,18.4934,38
1000,1500,24.8154,6.8876,35
1400,1300,24.676,21.0326,45
700,900,23.6156,5.5586,55
500,700,23.83,7.377,65
200,600,24.414,27.7986,58
700,800,24.8154,16.6572,43
8,7,24.676,23.5486,35
300,300,24.145,47.8628,27
200,200,24.6541,29.4564,43
300,300,23.9952,23.512,84
300,300,24.2521,3.8814,65
200,300,24.625,20.005,45
300,400,22.796,11.9104,85
1300,1600,24.3842,32.0978,87
100,100,23.6184,29.223,20
100,100,24.0032,5.7468,36
100,100,22.796,30.3828,43
100,100,24.3842,4.1708,37
12800,33300,24.0032,39.626,65
100,100,24.3521,8.1252,45
100,100,24.3241,15.6864,42
200,200,24.256,14.4954,38
3300,4000,23.982,16.6572,35
152800,274100,26.11,179.562,60
243900,302400,26.01,158.94,54
178300,310600,26.67,88.113,71
187300,326100,26.1,374.876,51
82000,194400,25.54,209.503,73
158900,218400,25.75,282.84,64
70800,204100,25.994,240.383,56
143400,240500,27,146.649,79
54800,217700,26.54,240.257,65
148900,243900,25.39,318.179,47
1741,2326,27.68,288.451,66
92400,128200,26.14,297.622,60
115400,190700,27.3,213.733,81
186800,196000,25.9,273.383,57
179500,184700,25.78,143.288,74
55400,160500,25.92,153.915,59
188200,181800,27.89,127.43,73
107700,186000,25.25,40.453,66
2400,5600,27.66,225.335,64
2900,5600,27.2,345.527,70
1200,2300,28.66,71.054,74
1500,2500,28,363.935,48
800,2300,26.86,94.738,68
1600,2400,26.66,205.026,47
900,1900,27.34,178.771,67
600,1400,28.7,71.845,62
700,1400,28.51,235.287,59
600,1100,26.52,157.128,49
5,9,29.16,370.269,50
500,900,28.3,247.047,57
400,600,27.25,151.123,70
300,600,29.2,149.136,77
300,500,27.21,156.08,70
300,500,27.57,198.556,61
100,200,27.25,50.113,67
100,300,27.26,31.866,68
700,1700,28.26,96.984,53
1000,1900,27.94,373.081,59
500,1000,29.6,116.511,69
500,900,28.82,259.475,52
400,1000,27.72,194.961,64
500,800,27.43,79.776,71
400,800,28.309,255.032,48
400,700,29.38,240.813,55
100,300,29.19,396.967,72
100,200,27.23,256.748,58
1,2,29.84,177.96,31
200,300,29.1,158.635,61
200,200,27.993,196.633,63
200,300,29.86,273.619,36
200,300,27.77,88.178,45
200,300,28.23,44.144,64
103400,130800,26.76,131.007,68
116600,131000,26.61,163.644,57
123300,138600,27.66,60,67
120100,161000,26.6,246.913,61
86700,137400,26.27,100.901,71
131100,149900,25.97,174.345,52
110200,128700,26.66,156.388,51
107900,128900,27.79,81.429,64
150000,131400,27.4,169.093,66
139400,123100,26.13,172.771,70
1362,1111,28.33,226.095,63
103500,109100,32,211.32,57
121800,122400,26.62,143.606,61
126500,89800,27.99,151.874,78
87800,68500,26.49,97.13,54
44500,68500,26.74,117.923,72
38000,31000,26.29,69.595,76
24200,45300,26.64,23.734,73
91100,176800,26.86,134.234,75
116600,176800,27.1,129.832,55
124300,181500,27.76,67.513,62
170500,213600,28.34,255.257,66
74400,151400,26.404,174.092,63
156900,187100,26.526,159.085,76
100200,180500,27.01,133.686,62
109100,176200,28.25,81.695,80
129300,191300,27.87,151.213,67
154100,184100,26.48,168.871,62
1165,1621,27.12,200.043,57
98100,135000,28.3,166.506,81
103300,131700,26.67,124.321,81
112800,122500,27.53,165.782,60
108900,107100,26.4,107.118,68
69000,107100,26.635,106.16,48
130300,122100,26.438,59.893,80
56200,127100,27.189,32.847,55
3900,9200,27.31,181.976,75
2900,5500,26.86,267.372,47
3800,7500,28.01,64.904,47
4900,7900,26.92,309.201,71
2900,7800,26.52,93.799,59
3600,5700,26.04,184.947,61
1900,4200,27.1,165.86,52
1900,4200,27.979,73.437,47
2100,4200,27.745,204.44,62
1800,3700,26.636,154.723,72
16,30,28.86,305.926,63
2000,3700,27.558,228.754,78
2600,3500,26.726,144.544,74
1900,3600,28.219,145.745,62
2100,3300,26.598,127.978,75
2100,1900,26.85,160.046,65
2300,3500,26.35,54.602,74
300,1700,27.121,27.625,77
160300,172500,26.709,282.072,74
184800,174100,25.983,342.377,78
49200,107000,27.269,190.618,80
41200,108400,27,520.935,46
130300,143100,26.186,221.975,67
104100,143800,26.1,421.045,78
158200,145700,27.12,478.088,49
142700,138000,27.586,230.293,46
80700,130600,27.223,493.633,51
119100,130000,26.271,442.532,70
1191,1045,27.76,542.83,71
49600,124700,26.79,697.789,67
99800,104900,26.612,469.163,53
171300,109400,28.404,408.756,72
123200,112500,26.09,228.785,61
116100,130800,26.237,344.17,74
132900,99900,25.229,230.435,47
97500,116800,26.62,55.902,80
200,400,27.708,174.49,44
200,400,27.18,165.617,57
200,400,28.397,83.885,60
500,600,28.276,218.618,39
700,1100,26.008,169.872,54
400,800,29.5,329.988,58
100,300,28.083,214.459,70
200,300,27.48,145.71,66
1,2,29,183.235,46
100,200,27.002,162.181,72
100,300,27.276,175.134,43
200,200,27.376,49.673,43
200,200,27.344,43.103,54
90400,78000,27.07,154.839,76
80500,71800,26.565,229.106,50
68600,67300,28.522,92.023,61
35700,63800,28.02,274.215,61
54000,62500,26.981,92.154,77
64700,63600,26.53,202.2,60
63800,61700,27.672,211.155,55
57100,58600,28.372,94.479,46
44300,60100,27.952,229.302,65
55900,52700,26.341,184.183,75
537,465,29.58,301.99,64
33800,33000,28.42,321.208,52
36100,33200,28.12,216.288,76
49800,35800,29.127,169.731,67
24100,16900,27.3213,112.986,46
18200,17600,27.2,161.711,81
20800,17700,27.681,87.693,71
23200,19000,27,26.124,77
54800,70300,26.584,140.829,60
64400,80800,27.121,179.964,69
61700,84800,28.33,50.226,77
76200,93200,26.354,254.841,59
54900,76700,26.587,102.709,58
83900,86400,26.136,159.043,47
75600,74500,26.755,132.825,76
65100,73300,27.99,68.956,54
77300,76200,28.77,156.122,74
76600,72800,26.63,150.109,64
554,517,29,225.212,55
21900,31800,28.02,169.422,64
36400,39100,27.21,111.774,63
44300,41300,29.301,136.336,55
27200,26400,26.496,102.522,72
14200,26100,26.894,116.792,72
20100,16700,26.42,51.883,80
7700,23300,27.191,24.548,59
100,100,24.977,519.603,91
100,100,25.558,362.91,93
100,100,24.5,140.215,90
3000,8500,26.562,140.222,69
4700,9900,27.165,118.311,62
5700,10100,27.273,96.212,75
7700,10100,27.5,255.799,46
3100,9500,26.768,247.331,53
5700,9300,26.481,140.613,59
3600,8100,27.222,130.581,71
3900,7400,28.005,83.026,57
3300,6000,27.765,156.399,82
2400,5900,27,152.076,77
31,56,29.293,199.799,54
2300,5000,28.302,173.945,48
1500,4000,27.531,142.485,45
2200,4300,27.953,179.184,68
2100,3800,26.873,120.063,50
2700,3800,26.613,111.489,61
1300,2700,26.993,54.11,60
400,2500,27.654,43.285,49
100,100,29.11,236.094,88
100,100,30.07,280.594,81
100,100,28.5,339.285,85
300,700,28.517,191.843,42
200,300,27.135,387.2,56
200,300,26.41,570.845,46
100,200,29.259,395.459,61
200,500,28.1,270.333,62
500,700,27.22,223.546,59
300,600,29.102,212.068,71
100,200,26.92,254.845,43
100,100,26.912,375.5,64
3,6,27.223,223.499,54
100,200,27.7,109.182,50
6600,15900,29.132,774.657,79
18100,16600,27.696,354.384,75
11800,16600,27.78,589.932,80
19500,19100,27.631,727.93,50
9700,17100,28.698,355.993,57
10300,13500,28.521,774.249,83
8300,13200,27.754,676.011,66
211,147,28.072,738.215,65
21200,15000,27.998,987.536,77
12800,15600,27.414,629.843,72
24100,16200,29.516,651.065,79
15300,12600,27.535,381.251,51
16000,12200,26.86,582.678,76
5400,4500,26.524,362.551,78
3200,6200,27.884,89.817,84
227800,363100,26.488,334.797,64
403300,387500,26.321,270.123,56
211900,360500,27.099,176.332,75
186900,346500,26.059,676.749,47
179900,324200,26.288,362.812,48
258500,320300,26.337,533.661,65
196700,316800,26.584,537.357,47
244500,315200,27.351,304.819,60
215900,282900,27.54,539.482,53
187300,258500,26.02,630.769,56
2395,2158,28.56,541.375,72
191000,197900,26.879,679.109,47
129500,171900,26.359,458.988,81
216300,171200,27.45,558.734,75
170100,165900,26.057,287.551,80
124800,154800,26.373,370.646,56
167500,149600,26.118,291.388,78
108900,152700,26.648,75.62,72
5200,16800,27.351,118.319,56
8600,17600,27.292,85.043,54
8000,19100,28.035,83.613,72
10600,19700,26.835,229.662,65
5500,18500,26.741,221.121,46
8300,20500,26.455,140.024,77
5500,19700,26.529,127.041,79
6600,19200,27.993,84.288,73
8500,20100,28.146,140.89,78
10200,20000,26.702,162.943,59
102,206,29.1,168.604,57
7700,17100,27.8,161.524,68
8000,17600,27.332,133.706,61
6700,16600,28.134,173.179,60
9400,16800,27,104.596,74
5200,17200,26.707,94.283,58
12000,17700,26.808,60.38,70
4400,17700,27.602,37.87,46
4000,8800,26.584,164.42,72
4800,8200,26.745,191.302,68
5200,7400,27.535,72.513,81
6000,9200,27.25,290.203,45
4300,9600,26.598,174.163,64
8300,9800,26.159,161.734,73
7100,9700,26.451,137.657,58
5900,10500,27.868,75.838,52
4200,6500,26.976,171.78,50
3800,6700,26.4,153.688,49
43,63,29.208,246.88,66
4500,6200,27.363,176.259,51
3400,6500,27,125.308,52
4900,7500,27.856,160.994,80
5000,5400,26.475,125.953,49
4000,5600,28.655,131.395,59
2000,3200,26.665,49.307,50
400,4200,27.242,35.75,46
112000,135700,25.127,325.191,47
110900,150000,25.332,202.57,69
118100,159900,26.105,172.864,68
104600,160400,26.019,740.613,57
85600,113200,25.328,484.451,60
86500,123900,24.794,583.557,66
67600,97000,25.1,479.719,75
84800,116800,26.308,321.551,45
90400,125300,25.365,450.088,50
81300,128900,24.497,707.986,77
982,1127,26.87,501.461,72
27000,34500,26,558.586,54
33900,46000,25.798,422.913,77
43000,48600,26.024,590.663,74
40700,50700,25.139,277.137,47
16700,36000,25.417,265.417,58
41600,49800,25.351,279.547,46
26300,31500,25.859,84.936,80
51600,98800,24.986,276.782,64
53400,100600,25.657,200.538,53
56400,102600,25.96,201.034,56
44600,105300,25.65,589.981,55
7600,42500,25,483.664,61
9500,64400,24.73,397.849,74
400,11200,25.084,441.796,48
45900,95800,25.939,281.253,73
27500,74200,25.56,445.325,81
35000,92700,25.23,645.472,51
344,867,26.309,389.618,66
900,12500,25.39,402.288,63
18200,54100,25.556,374.722,78
62500,74900,25.94,448.806,51
6400,26300,25.019,343.148,58
4800,22100,25.254,290.853,80
7200,24200,24.784,218.49,72
53100,69600,25.604,93.782,64
39700,88100,25.277,388.808,74
69100,89100,25.778,247.278,74
84300,91000,26.303,243.868,81
52600,89900,26.301,877.458,54
31000,66100,25.158,632.256,69
36600,89900,25.196,653.821,65
6100,23300,26.357,620.045,55
79000,92900,25.612,409.419,56
23500,72500,25.387,596.198,57
24600,84500,26.497,929.844,69
485,841,25.583,575.011,45
3300,6400,26,618.306,63
36300,74900,26.45,526.592,52
59200,75600,26.17,687.987,53
16400,25700,25.369,420.89,79
7500,16300,25.666,369.293,61
15600,30200,25.5,341.33,57
22100,55000,26.3,118.729,52
11500,22500,26.1,138.655,54
18900,37400,26.336,89.505,73
19300,57200,26.72,102.257,52
22100,53300,26.265,282.565,73
5400,11800,25.455,268.351,46
9500,25100,25.379,182.938,68
3700,9700,25.707,175.443,56
15000,26200,26.901,117.091,69
6700,14800,26.129,184.103,63
7700,27500,25.98,241.547,58
91,215,27.482,195.699,70
800,1800,26.544,200.705,76
5200,14400,26.451,173.078,82
9600,18400,26.74,221.741,61
3900,9900,27.56,137.107,69
200,6300,25.81,118.913,62
2200,6300,26,87.832,69
2200,5500,26.533,46.604,59
100,100,28.64,345.896,90
100,100,29.92,323.602,93
100,100,28.145,177.36,88
1400,2700,26.95,368.212,59
1500,2500,26.861,227.526,62
800,2300,28.592,270.166,32
1500,2400,27.501,292.159,46
900,2000,27,155.446,36
700,1600,26.511,354.676,52
700,1400,27.05,437.931,32
900,1600,28.371,422.738,48
5,9,27.217,271.328,48
200,400,26.23,206.47,48
300,400,29,211.155,58
200,500,28.193,244.518,48
200,300,27.021,334.043,57
200,300,28.585,161.208,70
300,400,26.298,89.047,73
175,200,27.508,236.928,49
3800,8900,28.1,339.638,60
4700,8900,27.781,67.245,68
4400,8600,28.86,386.424,74
5800,9200,27.769,125.888,77
2700,7400,27.153,205.589,74
3500,5600,27,168.906,74
2200,5000,27.303,74.632,50
1600,3600,28.779,229.667,75
1500,3000,27.525,167.266,58
400,800,26,365.835,58
4,7,29.21,213.066,78
800,1500,28.388,129.474,49
1100,1500,28.1,158.978,46
700,1300,28.58,165.584,65
300,400,27.69,194.276,58
300,300,27.502,45.148,57
100,100,27.54,36.801,79
175,200,28.131,250,53
87100,79700,23.343,42.3484,84
154200,124400,23.1044,8.7838,70
178800,127000,22.8118,39.5078,35
135800,94700,23.2746,9.2558,33
156300,93800,23.5674,4.0668,29
88500,70400,23.5598,28.5188,85
39500,39200,23.7654,3.5496,87
154600,89300,23.456,8.3676,20
153800,103100,22.8787,46.7888,36
248100,153900,22.7811,20.8014,43
2711,1309,23.111,14.398,54
219200,138200,22.3211,35.4694,33
216000,129500,22.3564,28.1252,52
248900,133700,23.1456,26.9422,80
88700,48100,23.6523,32.6042,79
46100,38900,23.1234,9.5166,40
100700,51900,22.751,24.0944,79
85000,57200,23.1122,5.213,54
21800,20900,22.991,27.6824,34
31600,25800,23.2296,9.5258,36
20900,12400,22.8556,31.3502,23
13800,9700,23.8574,9.259,50
15500,10100,24.0966,5.223,47
15800,10300,23.9084,28.5188,30
12300,8700,23.8456,3.4646,48
3800,3400,22.989,8.7726,24
17100,11200,24.0124,30.3168,51
70100,35400,23.456,12.8052,36
1314,485,22.874,13.7788,35
51900,34400,23.001,35.25,51
88500,35400,24.11,51.1382,38
89900,37800,23.654,22.9778,44
36600,16700,23.842,29.0668,44
33900,19900,22.987,2.2,32
25200,19900,24.123,7.7298,39
25800,18300,24.212,13.8526,48
12800,16300,23.132,31.3068,34
24700,19200,23.594,12.877,36
35000,21700,23.202,27.4898,23
17000,13400,24.2112,23.9706,50
15000,11300,24.458,6.4794,47
11500,11100,24.2334,23.4982,30
14400,11600,23.416,3.8178,48
12000,10300,23.348,7.4862,24
23300,17000,23.017,25.8644,51
42500,25400,23.6324,13.49,36
63000,45400,23.46683,14.592,35
97300,49300,24.2225,30.7878,51
105400,54700,23.789,55.4514,38
58900,32500,23.897,23.9442,44
71500,36100,23.989,28.6822,44
65000,42000,24.0124,1.6834,32
87200,66400,24.123,9.4574,39
28800,31800,23.416,38.3356,31
71700,51000,23.348,8.563,20
66500,47200,23.017,27.4898,29
29200,23800,23.6324,37.3426,29
34900,29500,23.46683,14.8936,26
40500,33400,24.2225,3.0964,33
40100,31200,23.864,23.4266,39
47200,36400,23.486,3.9672,21
67600,40900,24.0125,8.099,52
121900,60700,23.874,35.6744,24
1076,492,24.124,14.6592,42
78100,44500,23.6541,11.4134,48
88000,46200,23.4568,38.6254,31
158400,75300,23.89456,23.7362,29
74200,39900,24.435,27.0536,33
21500,24300,24.613,7.1936,55
54200,35400,23.6854,16.5566,22
33900,35400,23.421,5.728,58
20400,28300,24.50667,35.733,31
46300,40600,24.3985,11.5014,27
47500,38700,24.11217,45.2892,20
47100,43000,23.8315,14.0634,60
37100,38200,24.079,7.227,51
29700,30900,23.96683,33.2642,44
13800,26200,24.1122,5.8858,30
28000,31900,23.965,9.278,60
45000,42700,24.212,43.905,43
66900,52400,24.312,29.9464,24
897,618,23.964,24.4334,42
80300,65200,23.456,24.6872,58
91900,67000,23.756,43.204,20
82500,63600,24.946,31.903,53
52800,39800,24.5384,33.3622,32
27000,27700,24.126,9.8316,39
57100,57800,23.6512,23.4222,41
40000,59100,23.453,10.9318,49
6200,18300,22.93,57.9916,60
14700,21100,23.1286,28.1178,34
14100,17500,22.9408,23.8736,41
7600,10900,23.527,10.6622,36
10900,10700,24.004,7.5498,4
7600,10600,24.0046,25.121,43
9600,10000,24.00124,7.4396,23
4300,5800,23.6874,8.3732,35
9400,10300,24.213,17.4534,40
12400,13200,23.698,42.6778,35
5600,6700,23.956,16.34,26
10300,9600,23.9487,16.2508,34
12500,11500,24.0121,47.3158,35
12700,11600,24.1121,35.1796,45
14700,11800,24.312,23.209,55
13600,11900,24.0231,9.9302,65
13900,11400,24.021,27.8136,40
17500,20700,23.2536,11.8746,58
60500,35500,23.3912,29.0894,84
67000,35500,23.0148,9.8568,70
32300,21600,23.8924,36.684,35
42300,23700,24.1324,22.2358,33
52400,28900,24.0082,4.3706,29
47800,30500,23.564,23.9846,85
18300,26500,23.645,4.319,87
27000,26100,23.847,8.0586,20
82500,58200,24.121,30.8122,36
1185,593,24.351,14.11,43
70000,47400,23.598,12.681,54
93900,46000,23.958,31.1298,33
92700,53800,23.456,50.2822,52
67900,41100,24.123,23.8542,80
53600,36100,24.234,27.3182,79
73900,59000,23.571,3.9404,40
95500,73500,23.914,10.2422,79
10200,28100,23.774,51.9268,54
20800,32700,23.8826,20.6762,34
24200,34200,23.5864,26.6764,36
15200,22900,24.1724,14.6656,23
19300,24500,24.5316,7.3514,50
12000,20400,24.4052,22.2012,47
19600,31500,24.324,7.2722,30
12000,21300,24.5124,8.3802,48
22100,29500,23.98745,27.2892,24
24900,34100,23.969,41.015,51
27500,30000,24.0124,25.6692,36
16700,25700,24.8575,19.1342,35
36800,34300,24.5462,38.6634,51
27100,22100,23.8741,34.6954,38
26700,22400,24.124,19.1486,44
28600,25600,24.54,8.1814,44
17800,24200,23.958,30.3526,32
23700,18000,22.8184,40.0492,39
26300,19200,22.8716,5.7688,48
17000,12600,22.4246,25.584,34
8900,8800,22.9606,11.323,36
13400,11300,22.9996,1.1432,23
17600,14100,23.0222,13.4654,50
28000,17500,22.546,2.6158,47
38800,22000,22.32145,7.5798,30
35800,22200,22.9848,15.0996,48
44100,28000,22.6878,7.9932,24
862,360,22.7865,10.8172,51
36500,21300,22.647,17.6784,36
59100,28800,22.789,17.622,35
65300,30300,22.985,13.9788,51
78600,34300,22.3124,21.2754,38
82400,37500,22.514,5.9784,44
77500,47200,22.617,1.308,44
65700,36000,22.459,5.9785,32
1000,1400,24.3958,49.9568,39
1200,1300,24.499,23.9216,31
600,1000,23.9898,29.2804,20
600,1000,24.6558,11.8062,29
800,1000,24.8906,7.4244,29
800,1000,24.7492,7.4244,26
600,900,24.3958,33.0362,33
300,600,24.499,10.0562,39
800,1000,23.9898,10.046,21
1200,1200,24.6558,29.3722,52
800,900,24.8906,36.8972,24
900,1100,24.7492,31.5016,42
1000,1100,23.546,20.5066,48
800,700,24.561,37.4084,31
600,500,24.325,42.4738,29
700,500,23.541,18.2914,33
1200,1200,24.8741,13.497,55
58400,45100,22.9308,9.6288,22
2400,3700,23.5128,6.8448,58
3100,4400,24.0296,26.7146,31
2400,3800,23.939,7.8588,27
2900,3700,24.621,8.5154,20
1600,2300,23.954,16.875,60
2400,3600,24.758,37.0666,51
1900,3200,22.9308,15.5982,44
1500,2100,23.5128,15.28,30
1700,2400,24.0296,40.134,60
2000,2700,23.939,31.8018,43
1600,2100,24.125,21.3392,24
1800,1900,23.789,10.7096,42
1100,1700,23.987,26.015,58
1500,2400,24.0123,13.0362,20
54600,34800,24.7466,26.5674,53
64800,40800,25.008,7.2458,32
67300,43500,24.7984,31.9074,39
60900,39000,24.8714,5.2844,41
39000,28500,24.65,9.0222,49
65700,42600,25.0012,38.8984,60
86300,51600,24.958,23.4206,34
713,371,24.317,22.0678,41
27700,20300,24.985,42.7612,36
25300,19300,24.627,43.0968,4
57200,34400,24.7466,28.6832,43
64200,36000,25.008,27.5822,23
52300,37600,24.7984,3.8366,35
74200,77200,25.11,12.324,40
33000,49500,24.654,15.8218,35
45000,34000,23.3424,32.6526,26
72200,43800,23.4468,6.3032,34
88300,46900,23.0008,28.6452,35
31600,22600,23.6762,14.473,45
39300,23800,23.795,1.976,55
53200,27700,23.7566,14.7282,65
61500,33000,23.5421,3.185,40
77700,38400,23.9854,7.367,58
66800,36200,23.456,18.0032,43
111900,50800,23.481,9.5352,35
1377,526,23.68,10.6468,27
64600,31600,23.3424,18.5116,43
110000,50900,23.4468,31.4254,84
164600,66000,23.0008,15.3686,65
60200,25900,23.6762,20.844,45
53000,25300,23.795,4.8484,65
64800,25300,23.7566,11.5688,45
81100,49600,23.74,4.4158,84
14800,21600,23.8436,31.9362,53
43200,30400,23.8246,10.9348,45
42200,30200,23.4992,42.34,43
60200,24300,24.3296,19.252,66
41600,28400,24.7112,4.7436,22
44000,27600,24.437,28.7518,37
24000,18400,24.6554,4.7386,74
27400,19500,24.9824,8.1722,65
34200,23900,23.146,42.086,45
54800,34100,23.685,18.3264,42
458,241,24.274,13.1274,38
29800,17900,23.8436,36.432,35
40100,21500,23.8246,47.337,45
51600,30900,23.4992,28.038,55
29000,20700,24.3296,29.5774,65
2900,6500,24.7112,6.1554,40
13700,9800,24.437,14.6522,58
1500,1900,23.647,9.8218,43
10100,6300,24.5968,39.3296,35
13400,7300,24.1324,19.6038,27
15200,7600,24.5774,44.6942,43
15000,8400,24.0086,6.954,84
16600,8500,24.654,4.2564,65
15200,8500,24.6848,30.838,45
17400,8600,24.5968,9.4964,65
19400,9200,24.1324,38.0976,45
20100,9900,24.5774,49.3448,84
19400,9300,24.0086,40.844,53
251,105,24.654,32.1944,45
23800,9600,24.6848,42.0102,43
18000,7900,24.151,36.5752,66
22800,8600,24.352,29.7192,22
21100,8500,24.9542,51.9384,37
20000,9100,24.692,20.712,74
41700,16600,24.325,34.3864,65
15100,6800,24.0124,24.5686,45
8600,19700,24.855,33.746,42
30100,27500,24.7532,15.013,38
26700,28300,24.3446,47.6166,35
26000,25400,24.885,14.4458,45
24400,27300,25.1046,12.9734,55
25800,24800,24.8558,34.3248,65
18300,26500,24.855,9.253,40
27500,27000,24.7532,10.7514,58
38900,33100,24.3446,40.1908,43
37400,35600,24.885,45.2166,35
564,380,25.1046,45.9508,27
33500,28600,24.8558,46.1456,43
27800,25800,24.5154,42.1932,84
46000,33500,24.682,41.6582,65
43300,29100,25.652,27.5016,45
47300,31000,25.248,8.886,65
44900,35200,25.6921,29.2976,45
10800,47200,24.689,16.2492,84
20400,55900,23.092,50.4328,53
67900,61700,23.5238,25.4156,45
70900,62600,23.3798,26.2664,43
33400,32400,24.057,14.402,66
32900,30600,24.5146,7.7184,22
32500,31000,24.472,21.3348,37
43200,35000,23.6421,6.268,74
34700,31800,24.686,7.6494,65
55800,50200,24.3272,18.7966,45
74200,63900,24.652,36.0476,42
46000,40700,24.6426,15.6004,38
76700,57000,23.9426,19.1208,35
115700,75200,24.2392,50.0902,45
116400,79000,23.6954,32.8866,55
124800,80200,23.8562,24.4528,65
83100,86200,24.82652,6.0844,40
110600,88500,24.3825,24.1666,58
9200,14900,24.3,10.9078,43
35900,29500,24.3758,25.3784,35
39100,33400,23.9694,15.277,27
28200,26100,24.7042,34.9258,43
34700,26700,24.9606,25.9488,84
40800,30400,24.664,9.887,65
43500,31500,24.5725,31.011,45
38500,31600,23.9824,7.7904,65
38300,37700,24.6826,9.7356,45
49900,40100,24.3828,37.8902,84
345,227,23.616,30.1252,53
27000,19800,24.3758,35.9682,45
19800,19100,23.9694,42.1888,43
82700,49000,24.7042,40.0424,66
54100,31100,24.9606,34.5776,22
43500,30400,24.664,5.1354,37
43800,38900,24.5865,18.8684,74
29200,39500,23.6825,18.5376,65
2400,4300,23.6768,10.9078,45
5400,6000,24.3048,19.8092,42
7400,6400,24.2244,8.2822,38
10000,7900,24.2972,0.858,35
15200,9200,23.6977,12.9408,45
15200,10900,23.8957,2.1644,55
24300,12000,24.6825,5.7598,65
31600,14200,24.9858,10.9874,40
380,148,23.6768,5.5676,58
19900,9400,24.3048,8.2148,43
49700,21100,24.2244,16.9656,35
54300,22700,24.2972,12.614,27
48100,18000,24.6825,14.9272,43
50900,24000,24.2347,16.8908,84
45800,21500,24.352,4.1666,65
39100,21900,23.9878,13.7928,45
95100,73600,23.8506,0.7916,85
112200,83900,23.7182,41.1766,87
122600,85700,23.3622,6.1534,20
44500,39400,23.6562,27.7342,36
48900,36800,24.2926,7.6874,43
49500,35000,23.8596,1.7728,54
41300,35500,23.8506,17.3228,33
81300,55600,23.7182,2.1096,52
116600,70600,23.3622,6.997,80
137700,84100,23.6562,24.9688,79
1490,790,24.2926,11.2084,40
115900,71900,23.8596,10.6306,79
117900,73000,23.9845,23.209,54
143700,75300,23.968471,15.0604,34
102600,52400,24.0124,18.1432,36
53200,32400,23.89855,24.5266,23
111900,65900,24.0001,6.9904,50
111200,72400,23.9987,19.3804,47
9100,25400,25.103,1.664,30
45100,42200,24.8866,40.4944,48
28700,36200,24.5222,16.6142,24
34200,34500,24.9576,52.2806,51
25300,27000,25.2064,8.0644,36
28600,25800,25.0026,12.6132,35
4600,21900,25.103,35.2414,51
19900,25700,24.8866,8.826,38
36800,36300,24.5222,11.6022,44
33900,38600,24.9576,42.3728,44
346,292,25.2064,45.7768,32
42500,39800,25.0026,44.4048,39
39300,38600,24.98858,46.2048,48
43300,41800,25.3571,42.0702,34
37500,30300,25.1012,41.7748,36
11300,24200,25.0142,31.7356,23
41200,26700,24.9828,11.0134,50
7100,24100,24.982,34.3636,47
31400,38600,23.9736,14.0676,30
102900,74400,23.9796,27.8334,48
52200,41500,23.6272,12.311,24
41400,31900,24.3544,41.0912,51
48500,32300,24.6396,21.3902,36
53600,38000,24.4478,7.329,35
44500,39000,23.9736,32.6348,51
27800,33900,23.9796,6.072,38
47100,40900,23.6272,9.2768,44
70500,50400,24.3544,39.8192,44
1022,530,24.6396,24.3852,32
56100,34500,24.4478,43.6734,39
42800,32500,24.2141,44.3724,31
79500,46400,24.01241,31.7748,20
62500,39600,24.1245,29.9194,29
21400,13600,24.3525,5.562,29
23300,20900,24.582,16.827,26
18800,22300,23.9985,6.4505,33
71400,57300,23.9892,49.832,39
96000,68000,23.602,9.9636,85
125000,71800,23.6728,43.3456,87
57000,55500,23.3448,2.774,20
101200,59500,23.971,4.992,36
81900,64700,24.0096,31.8174,43
47500,38800,23.9892,4.0292,54
86900,52500,23.985,9.2122,33
112900,61300,23.6728,53.4738,52
132100,72900,23.8784,26.33,80
1550,734,23.971,17.9882,79
112300,60900,24.0096,38.2936,40
91800,59600,24.101,23.3434,79
115900,60000,24.12334,30.4006,54
105600,55300,23.9828,36.4054,34
93800,53000,23.87258,12.3754,36
129900,64300,23.792,31.8602,23
108300,71800,24.014,4.6484,50
27300,21400,24.9829,44.1356,47
43100,29000,24.5648,18.56316,30
57700,31000,24.4466,47.7694,48
44700,26300,24.6152,5.0956,24
50000,28900,24.9394,7.4986,51
28500,22400,24.9788,35.3404,36
20300,12600,24.9829,13.115,35
50200,29400,24.5648,29.9896,51
41700,26000,24.4466,48.0716,38
47700,29600,24.6152,43.4702,44
584,298,24.9394,36.8396,44
45300,24600,24.9788,45.661,32
57500,34300,24.9829,40.5362,39
72900,39300,24.5648,36.3596,48
34000,20000,24.4466,47.9198,34
36500,20100,24.6152,18.339,36
51500,26200,24.9394,38.3928,23
70900,32500,24.9788,19.757,50
46700,31900,25.1142,54.723,47
63100,35800,24.6718,15.8006,30
70200,37900,24.5196,49.0376,48
51600,32900,24.7168,2.8464,24
64900,35700,25.0586,5.9594,51
48700,35300,25.1164,37.2128,36
34100,23600,25.1142,8.0738,35
68300,38100,24.6718,20.8438,51
73500,39200,24.5196,58.5256,38
78100,43100,24.7168,36.1714,44
940,433,25.0586,26.4202,44
69100,40200,25.1164,44.4474,32
69000,42000,24.6828,31.7816,39
86500,43700,24.682,35.6638,31
67800,36600,25.1241,45.8146,20
58500,35000,25.0124,17.3788,29
62200,33800,24.9824,38.8088,29
61400,38300,24.9682,11.5472,26
37900,47400,24.6776,44.4164,33
85100,70900,24.3618,15.8814,39
81000,68600,24.084,51.2438,37
56000,50900,24.4,4.7224,74
62700,53700,24.6742,11.1808,65
61800,48400,24.5532,35.7522,45
13300,30800,24.6776,10.2246,42
56200,50100,24.3618,16.4118,38
69200,58900,24.084,43.7014,35
85900,69400,24.4,45.1206,45
1103,750,24.6742,41.8006,55
83800,62600,24.5532,46.2974,65
106000,80400,24.6824,41.8904,40
122900,87800,24.935,40.4578,58
34900,29300,24.9824,36.9098,43
21800,28800,24.58474,13.7076,35
35800,35700,25.001,37.0666,27
54600,42200,24.6871,14.3076,43
100,100,23.9512,41.8078,84
100,100,24.0012,18.937,65
100,100,23.654,26.7146,45
100,100,23.145,18.4934,65
100,100,23.9512,6.8876,45
100,100,24.0012,21.0326,84
200,200,23.654,5.5586,53
200,200,23.145,7.377,45
200,200,24.0185,23.1862,43
100,100,23.9578,27.7986,66
100,100,24.0154,16.6572,22
200,100,24.1352,23.5486,37
100,100,24.252,47.8628,74
5400,17200,23.6156,41.8078,65
20700,19100,23.83,18.937,45
25500,21000,23.6184,26.7146,42
22500,19300,24.414,18.4934,38
24700,18900,24.8154,6.8876,35
24100,19900,24.676,21.0326,45
25000,20700,23.6156,5.5586,55
18100,15500,23.83,7.377,65
24000,19000,23.6184,23.1862,40
37500,25300,24.414,27.7986,58
25000,19200,24.8154,16.6572,43
32400,23500,24.676,23.5486,35
49000,29500,24.145,47.8628,27
34400,23100,24.6541,29.4564,43
36000,23700,23.9952,23.512,84
33700,25700,24.2521,3.8814,65
19900,13700,24.625,20.005,45
19300,17600,22.796,11.9104,85
12400,12800,24.3842,32.0978,87
21300,15100,23.6184,29.223,20
20900,16300,24.0032,5.7468,36
14100,11900,22.796,30.3828,43
2200,3000,24.3842,4.1708,37
14500,11300,23.6184,8.445,74
27800,18800,24.0032,39.626,65
705,346,24.3521,8.1252,45
19300,16000,24.3241,15.6864,42
31700,15300,24.256,14.4954,38
35200,21900,23.982,16.6572,35
24600,20100,24.0125,40.573,45
27100,16900,24.6852,48.5386,55
50200,30900,24.26,25.1322,65
40800,30900,24.6821,29.2184,40
8700,18600,23.7682,32.9542,58
25500,21100,23.9526,15.437,43
28800,24200,23.6212,26.8132,35
18900,17100,24.478,25.439,27
19600,17100,24.7904,6.8608,43
18600,17600,24.563,25.609,84
20800,17600,23.7682,5.4152,65
5000,5100,23.9526,8.2766,45
15800,15900,23.6212,32.9788,65
37600,33100,24.478,28.729,45
41200,38000,24.7904,32.4276,84
20000,18000,24.563,40.5846,53
61400,41700,24.58152,27.4774,45
58500,34100,24.682,23.9894,43
64600,36100,24.789,23.9894,66
30700,34500,24.854,3.593,22
26800,29100,24.647,17.4454,37
